{
  "vlm_captioning": {
    "quality": {},
    "deployability": {
      "ttft_ms_avg": 17.70644187927246,
      "ttft_ms_p50": 17.01211929321289,
      "ttft_ms_p95": 19.1037654876709,
      "e2e_ms_avg": 107.71780014038086,
      "e2e_ms_p50": 107.02395439147949,
      "e2e_ms_p95": 109.1158390045166,
      "tps_avg": 0.0,
      "tps_p50": 0.0,
      "tps_p95": 0.0,
      "power_w_avg": 0.0,
      "power_w_max": 0.0,
      "memory_mb_avg": 16109.46875,
      "memory_mb_max": 16116.8125,
      "gpu_util_pct_avg": 30.653107786178587,
      "cpu_util_pct_avg": 17.56
    }
  },
  "vlm_question_answering": {
    "quality": {},
    "deployability": {
      "ttft_ms_avg": 18.045663833618164,
      "ttft_ms_p50": 18.219947814941406,
      "ttft_ms_p95": 21.673202514648438,
      "e2e_ms_avg": 108.05497169494629,
      "e2e_ms_p50": 108.22582244873047,
      "e2e_ms_p95": 111.6790771484375,
      "tps_avg": 0.0,
      "tps_p50": 0.0,
      "tps_p95": 0.0,
      "power_w_avg": 0.0,
      "power_w_max": 0.0,
      "memory_mb_avg": 16071.275,
      "memory_mb_max": 16104.96875,
      "gpu_util_pct_avg": 33.73908233642578,
      "cpu_util_pct_avg": 11.52
    }
  }
}