{
  "vlm_captioning": {
    "quality": {},
    "deployability": {
      "ttft_ms_avg": 18.253803253173828,
      "ttft_ms_p50": 18.52107048034668,
      "ttft_ms_p95": 19.865036010742188,
      "e2e_ms_avg": 108.27503204345703,
      "e2e_ms_p50": 108.53886604309082,
      "e2e_ms_p95": 109.88616943359375,
      "tps_avg": 79.98099564650555,
      "tps_p50": 88.86260821665311,
      "tps_p95": 88.87037498079806,
      "power_w_avg": 0.0,
      "power_w_max": 0.0,
      "memory_mb_avg": 16107.965625,
      "memory_mb_max": 16121.390625,
      "gpu_util_pct_avg": 29.88527646064758,
      "cpu_util_pct_avg": 6.5200000000000005
    }
  },
  "vlm_question_answering": {
    "quality": {},
    "deployability": {
      "ttft_ms_avg": 16.26887321472168,
      "ttft_ms_p50": 16.534090042114258,
      "ttft_ms_p95": 18.723011016845703,
      "e2e_ms_avg": 106.28600120544434,
      "e2e_ms_p50": 106.53996467590332,
      "e2e_ms_p95": 108.73818397521973,
      "tps_avg": 88.87197605978547,
      "tps_p50": 88.87225803717574,
      "tps_p95": 88.88308716014325,
      "power_w_avg": 0.0,
      "power_w_max": 0.0,
      "memory_mb_avg": 16079.8125,
      "memory_mb_max": 16089.234375,
      "gpu_util_pct_avg": 32.969033908844,
      "cpu_util_pct_avg": 6.44
    }
  }
}