{
  "platform": "macos",
  "timestamp": 1755208840.595399,
  "tasks": [
    "vlm_captioning",
    "vlm_question_answering"
  ],
  "total_trials": 10,
  "metrics": {
    "vlm_captioning": {
      "quality": {},
      "deployability": {
        "ttft_ms_avg": 18.523025512695312,
        "ttft_ms_p50": 18.428325653076172,
        "ttft_ms_p95": 20.620107650756836,
        "e2e_ms_avg": 108.53676795959473,
        "e2e_ms_p50": 108.43801498413086,
        "e2e_ms_p95": 110.64720153808594,
        "tps_avg": 0.0,
        "tps_p50": 0.0,
        "tps_p95": 0.0,
        "power_w_avg": 0.0,
        "power_w_max": 0.0,
        "memory_mb_avg": 15969.321875,
        "memory_mb_max": 15970.765625,
        "gpu_util_pct_avg": 40.75208740234375,
        "cpu_util_pct_avg": 4.8
      }
    },
    "vlm_question_answering": {
      "quality": {},
      "deployability": {
        "ttft_ms_avg": 17.98396110534668,
        "ttft_ms_p50": 17.661333084106445,
        "ttft_ms_p95": 19.171953201293945,
        "e2e_ms_avg": 107.99317359924316,
        "e2e_ms_p50": 107.67102241516113,
        "e2e_ms_p95": 109.1756820678711,
        "tps_avg": 0.0,
        "tps_p50": 0.0,
        "tps_p95": 0.0,
        "power_w_avg": 0.0,
        "power_w_max": 0.0,
        "memory_mb_avg": 15962.0,
        "memory_mb_max": 15966.203125,
        "gpu_util_pct_avg": 39.83800859451294,
        "cpu_util_pct_avg": 10.040000000000001
      }
    }
  }
}